frame,timestamp,x,y,z
0,1790739565.795591,3.0,2.0,1.5
1,1790739565.896896,3.0,2.0,11.5
2,1790739566.002797,3.0,2.0,21.5
3,1790739566.1040173,3.0,2.0,31.5
4,1790739566.2011092,3.0,2.0,41.5
5,1790739566.3009899,3.0,2.0,51.5
6,1790739566.401842,3.0,2.0,61.5
7,1790739566.5043468,3.0,2.0,71.5
8,1790739566.6072817,3.0,2.0,81.5
9,1790739566.709759,3.0,2.0,91.5
10,1790739566.8085163,3.0,2.0,101.5
11,1790739566.9166994,3.0,2.0,111.5
12,1790739567.0192244,3.0,2.0,121.5
13,1790739567.1253924,3.0,2.0,131.5
14,1790739567.2283921,3.0,2.0,141.5
15,1790739567.3319836,3.0,2.0,151.5
16,1790739567.4375978,3.0,2.0,161.5
17,1790739567.5391634,3.0,2.0,171.5
18,1790739567.6408417,3.0,2.0,181.5
19,1790739567.7413054,3.0,2.0,191.5
20,1790739567.8438349,3.0,2.0,201.5
21,1790739567.9471881,3.0,2.0,211.5
22,1790739568.0494876,3.0,2.0,221.5
23,1790739568.1520271,3.0,2.0,231.5
24,1790739568.2554665,3.0,2.0,241.5
25,1790739568.3588064,3.0,2.0,251.5
26,1790739568.4623811,3.0,2.0,261.5
27,1790739568.5662065,3.0,2.0,271.5
28,1790739568.6687863,3.0,2.0,281.5
29,1790739568.7762456,3.0,2.0,291.5
30,1790739568.877411,3.0,2.0,301.5
31,1790739568.980237,3.0,2.0,311.5
32,1790739569.0827885,3.0,2.0,321.5
33,1790739569.1803417,3.0,2.0,331.5
34,1790739569.2795787,3.0,2.0,341.5
35,1790739569.3849182,3.0,2.0,351.5
36,1790739569.487073,3.0,2.0,361.5
37,1790739569.593831,3.0,2.0,371.5
38,1790739569.6989782,3.0,2.0,381.5
39,1790739569.8030381,3.0,2.0,391.5
40,1790739569.9059298,3.0,2.0,401.5
41,1790739570.008057,3.0,2.0,411.5
42,1790739570.1123357,3.0,2.0,421.5
43,1790739570.214622,3.0,2.0,431.5
44,1790739570.3130224,3.0,2.0,441.5
45,1790739570.4092724,3.0,2.0,451.5
46,1790739570.509799,3.0,2.0,461.5
47,1790739570.6137247,3.0,2.0,471.5
48,1790739570.7138567,3.0,2.0,481.5
49,1790739570.840142,3.0,2.0,491.5
50,1790739570.9439435,3.0,2.0,501.5
51,1790739571.045427,3.0,2.0,511.5
52,1790739571.1497734,3.0,2.0,521.5
53,1790739571.2534552,3.0,2.0,531.5
54,1790739571.3552039,3.0,2.0,541.5
55,1790739571.4892166,3.0,2.0,551.5
56,1790739571.59886,3.0,2.0,561.5
57,1790739571.7040782,3.0,2.0,571.5
58,1790739571.807348,3.0,2.0,581.5
59,1790739571.908863,3.0,2.0,591.5
60,1790739572.0155666,3.0,2.0,601.5
61,1790739572.1201293,3.0,2.0,611.5
62,1790739572.2220387,3.0,2.0,621.5
63,1790739572.324528,3.0,2.0,631.5
64,1790739572.4266229,3.0,2.0,641.5
65,1790739572.529435,3.0,2.0,651.5
66,1790739572.631681,3.0,2.0,661.5
67,1790739572.735338,3.0,2.0,671.5
68,1790739572.8383498,3.0,2.0,681.5
69,1790739572.9403303,3.0,2.0,691.5
70,1790739573.0414267,3.0,2.0,701.5
71,1790739573.144588,3.0,2.0,711.5
72,1790739573.2465851,3.0,2.0,721.5
73,1790739573.3445017,3.0,2.0,731.5
74,1790739573.4434342,3.0,2.0,741.5
75,1790739573.54698,3.0,2.0,751.5
76,1790739573.6503265,3.0,2.0,761.5
77,1790739573.7476654,3.0,2.0,771.5
78,1790739573.8409774,3.0,2.0,781.5
79,1790739573.9390607,3.0,2.0,791.5
80,1790739574.0430741,3.0,2.0,801.5
81,1790739574.1472878,3.0,2.0,811.5
82,1790739574.2497659,3.0,2.0,821.5
83,1790739574.3512795,3.0,2.0,831.5
84,1790739574.4555092,3.0,2.0,841.5
85,1790739574.5581465,3.0,2.0,851.5
86,1790739574.665099,3.0,2.0,861.5
87,1790739574.7687204,3.0,2.0,871.5
88,1790739574.872548,3.0,2.0,881.5
89,1790739574.973216,3.0,2.0,891.5
90,1790739575.0734937,3.0,2.0,901.5
91,1790739575.1748276,3.0,2.0,911.5
92,1790739575.2754562,3.0,2.0,921.5
93,1790739575.3772094,3.0,2.0,931.5
94,1790739575.4793344,3.0,2.0,941.5
95,1790739575.5831134,3.0,2.0,951.5
96,1790739575.6871574,3.0,2.0,961.5
97,1790739575.7922876,3.0,2.0,971.5
98,1790739575.8955517,3.0,2.0,981.5
99,1790739575.9968884,3.0,2.0,991.5
100,1790739576.0914228,3.0,2.0,1001.5
101,1790739576.1876745,3.0,2.0,1011.5
102,1790739576.2883482,3.0,2.0,1021.5
103,1790739576.3929505,3.0,2.0,1031.5
104,1790739576.4977312,3.0,2.0,1041.5
105,1790739576.6006763,3.0,2.0,1051.5
106,1790739576.7039952,3.0,2.0,1061.5
107,1790739576.8084307,3.0,2.0,1071.5
108,1790739576.9115338,3.0,2.0,1081.5
109,1790739577.0168738,3.0,2.0,1091.5
110,1790739577.1194339,3.0,2.0,1101.5
111,1790739577.223414,3.0,2.0,1111.5
112,1790739577.3264372,3.0,2.0,1121.5
113,1790739577.4263074,3.0,2.0,1131.5
114,1790739577.5296566,3.0,2.0,1141.5
115,1790739577.634557,3.0,2.0,1151.5
116,1790739577.7428985,3.0,2.0,1161.5
117,1790739577.8472972,3.0,2.0,1171.5
118,1790739577.9502087,3.0,2.0,1181.5
119,1790739578.0502481,3.0,2.0,1191.5
120,1790739578.1483014,3.0,2.0,1201.5
121,1790739578.2498124,3.0,2.0,1211.5
122,1790739578.3547032,3.0,2.0,1221.5
123,1790739578.457473,3.0,2.0,1231.5
124,1790739578.561539,3.0,2.0,1241.5
125,1790739578.6663933,3.0,2.0,1251.5
126,1790739578.7705195,3.0,2.0,1261.5
127,1790739578.8754196,3.0,2.0,1271.5
128,1790739578.9792118,3.0,2.0,1281.5
129,1790739579.0786626,3.0,2.0,1291.5
130,1790739579.1746013,3.0,2.0,1301.5
131,1790739579.27449,3.0,2.0,1311.5
132,1790739579.3788922,3.0,2.0,1321.5
133,1790739579.4812307,3.0,2.0,1331.5
134,1790739579.5831823,3.0,2.0,1341.5
135,1790739579.686597,3.0,2.0,1351.5
136,1790739579.790045,3.0,2.0,1361.5
137,1790739579.8941028,3.0,2.0,1371.5
138,1790739579.9989536,3.0,2.0,1381.5
139,1790739580.1040475,3.0,2.0,1391.5
140,1790739580.2076423,3.0,2.0,1401.5
141,1790739580.3124728,3.0,2.0,1411.5
142,1790739580.4164872,3.0,2.0,1421.5
143,1790739580.515493,3.0,2.0,1431.5
144,1790739580.6098776,3.0,2.0,1441.5
145,1790739580.7102191,3.0,2.0,1451.5
146,1790739580.8145084,3.0,2.0,1461.5
147,1790739580.9182432,3.0,2.0,1471.5
148,1790739581.0226183,3.0,2.0,1481.5
149,1790739581.127996,3.0,2.0,1491.5
150,1790739581.2325845,3.0,2.0,1501.5
151,1790739581.3315787,3.0,2.0,1511.5
152,1790739581.4289796,3.0,2.0,1521.5
153,1790739581.532066,3.0,2.0,1531.5
154,1790739581.6352935,3.0,2.0,1541.5
155,1790739581.7403078,3.0,2.0,1551.5
156,1790739581.8436148,3.0,2.0,1561.5
157,1790739581.9471943,3.0,2.0,1571.5
158,1790739582.0529912,3.0,2.0,1581.5
159,1790739582.1574924,3.0,2.0,1591.5
160,1790739582.2631772,3.0,2.0,1601.5
161,1790739582.3675983,3.0,2.0,1611.5
162,1790739582.4713483,3.0,2.0,1621.5
163,1790739582.5756578,3.0,2.0,1631.5
164,1790739582.6799924,3.0,2.0,1641.5
165,1790739582.783509,3.0,2.0,1651.5
166,1790739582.8862753,3.0,2.0,1661.5
167,1790739582.99108,3.0,2.0,1671.5
168,1790739583.0962307,3.0,2.0,1681.5
169,1790739583.197265,3.0,2.0,1691.5
170,1790739583.2983258,3.0,2.0,1701.5
171,1790739583.4014354,3.0,2.0,1711.5
172,1790739583.5032053,3.0,2.0,1721.5
173,1790739583.6101146,3.0,2.0,1731.5
174,1790739583.7135038,3.0,2.0,1741.5
175,1790739583.815764,3.0,2.0,1751.5
176,1790739583.9172912,3.0,2.0,1761.5
177,1790739584.0211494,3.0,2.0,1771.5
178,1790739584.1259208,3.0,2.0,1781.5
179,1790739584.2303064,3.0,2.0,1791.5
180,1790739584.3344705,3.0,2.0,1801.5
181,1790739584.4375272,3.0,2.0,1811.5
182,1790739584.5417652,3.0,2.0,1821.5
183,1790739584.6561353,3.0,2.0,1831.5
184,1790739584.7553422,3.0,2.0,1841.5
185,1790739584.8906524,3.0,2.0,1851.5
186,1790739584.992439,3.0,2.0,1861.5
187,1790739585.0957105,3.0,2.0,1871.5
188,1790739585.197987,3.0,2.0,1881.5
189,1790739585.3167074,3.0,2.0,1891.5
190,1790739585.4198852,3.0,2.0,1901.5
191,1790739585.5246747,3.0,2.0,1911.5
192,1790739585.6291711,3.0,2.0,1921.5
193,1790739585.736751,3.0,2.0,1931.5
194,1790739585.842117,3.0,2.0,1941.5
195,1790739585.947328,3.0,2.0,1951.5
196,1790739586.0522857,3.0,2.0,1961.5
197,1790739586.1645372,3.0,2.0,1971.5
198,1790739586.2709472,3.0,2.0,1981.5
199,1790739586.3748503,3.0,2.0,1991.5
200,1790739586.4761517,3.0,2.0,2001.5
